person,tariff_records,all_records,tariff_share_of_own_%,share_of_all_tariff_%,over_index_pp
P066,93.0,10850,0.86,5.19,0.18
P019,76.0,5093,1.49,4.24,0.82
P146,63.0,969,6.5,3.52,5.83
P400,48.0,1217,3.94,2.68,3.27
P217,48.0,873,5.5,2.68,4.83
P128,34.0,1113,3.05,1.9,2.38
P164,32.0,542,5.9,1.79,5.23
P017,29.0,2195,1.32,1.62,0.65
P454,27.0,2337,1.16,1.51,0.48
P166,27.0,1460,1.85,1.51,1.18
P327,26.0,580,4.48,1.45,3.81
P332,23.0,285,8.07,1.28,7.4
P075,20.0,3001,0.67,1.12,-0.01
P237,20.0,1006,1.99,1.12,1.32
P274,19.0,466,4.08,1.06,3.4
P461,17.0,453,3.75,0.95,3.08
P125,17.0,1369,1.24,0.95,0.57
P318,17.0,467,3.64,0.95,2.97
P141,17.0,1138,1.49,0.95,0.82
P068,16.0,1645,0.97,0.89,0.3
P083,16.0,531,3.01,0.89,2.34
P071,15.0,1370,1.09,0.84,0.42
P021,15.0,909,1.65,0.84,0.98
P113,15.0,1551,0.97,0.84,0.29
P194,14.0,331,4.23,0.78,3.56
P101,14.0,516,2.71,0.78,2.04
P215,14.0,5013,0.28,0.78,-0.39
P249,14.0,706,1.98,0.78,1.31
P281,14.0,358,3.91,0.78,3.24
P348,13.0,195,6.67,0.73,5.99
P003,13.0,1138,1.14,0.73,0.47
P465,13.0,1208,1.08,0.73,0.4
P352,13.0,571,2.28,0.73,1.6
P055,13.0,778,1.67,0.73,1.0
P349,12.0,320,3.75,0.67,3.08
P072,12.0,1943,0.62,0.67,-0.06
P058,12.0,1671,0.72,0.67,0.05
P218,11.0,585,1.88,0.61,1.21
P159,11.0,1429,0.77,0.61,0.1
P277,11.0,328,3.35,0.61,2.68
P001,11.0,978,1.12,0.61,0.45
P135,11.0,1815,0.61,0.61,-0.07
P186,11.0,1832,0.6,0.61,-0.07
P158,10.0,188,5.32,0.56,4.65
P307,10.0,249,4.02,0.56,3.34
P016,10.0,1134,0.88,0.56,0.21
P431,10.0,178,5.62,0.56,4.95
P061,10.0,961,1.04,0.56,0.37
P116,9.0,844,1.07,0.5,0.39
P034,9.0,626,1.44,0.5,0.76
P040,9.0,551,1.63,0.5,0.96
P169,9.0,1690,0.53,0.5,-0.14
P222,9.0,3506,0.26,0.5,-0.42
P235,9.0,1171,0.77,0.5,0.1
P065,9.0,2061,0.44,0.5,-0.24
P285,9.0,319,2.82,0.5,2.15
P316,9.0,561,1.6,0.5,0.93
P004,9.0,1452,0.62,0.5,-0.05
P246,9.0,1414,0.64,0.5,-0.04
P250,9.0,707,1.27,0.5,0.6
P408,8.0,597,1.34,0.45,0.67
P282,8.0,203,3.94,0.45,3.27
P070,8.0,500,1.6,0.45,0.93
P150,8.0,707,1.13,0.45,0.46
P462,8.0,220,3.64,0.45,2.96
P201,8.0,939,0.85,0.45,0.18
P202,8.0,972,0.82,0.45,0.15
P271,7.0,249,2.81,0.39,2.14
P305,7.0,230,3.04,0.39,2.37
P098,7.0,368,1.9,0.39,1.23
P077,7.0,554,1.26,0.39,0.59
P074,7.0,552,1.27,0.39,0.6
P126,7.0,1907,0.37,0.39,-0.31
P124,7.0,239,2.93,0.39,2.26
P407,7.0,346,2.02,0.39,1.35
P319,7.0,205,3.41,0.39,2.74
P223,7.0,298,2.35,0.39,1.68
P294,7.0,508,1.38,0.39,0.71
P466,7.0,1070,0.65,0.39,-0.02
P203,6.0,1168,0.51,0.33,-0.16
P123,6.0,435,1.38,0.33,0.71
P079,6.0,1311,0.46,0.33,-0.22
P076,6.0,758,0.79,0.33,0.12
P221,6.0,314,1.91,0.33,1.24
P264,6.0,261,2.3,0.33,1.63
P435,6.0,212,2.83,0.33,2.16
P010,6.0,1139,0.53,0.33,-0.15
P196,6.0,704,0.85,0.33,0.18
P320,6.0,516,1.16,0.33,0.49
P262,5.0,191,2.62,0.28,1.95
P131,5.0,1414,0.35,0.28,-0.32
P039,5.0,1075,0.47,0.28,-0.21
P054,5.0,1290,0.39,0.28,-0.29
P092,5.0,382,1.31,0.28,0.64
P383,5.0,405,1.23,0.28,0.56
P047,5.0,1465,0.34,0.28,-0.33
P297,5.0,82,6.1,0.28,5.42
P306,5.0,183,2.73,0.28,2.06
P433,5.0,465,1.08,0.28,0.4
P456,5.0,1032,0.48,0.28,-0.19
P290,5.0,89,5.62,0.28,4.95
P308,5.0,303,1.65,0.28,0.98
P179,5.0,690,0.72,0.28,0.05
P364,5.0,147,3.4,0.28,2.73
P027,5.0,763,0.66,0.28,-0.02
P036,5.0,411,1.22,0.28,0.54
P242,5.0,579,0.86,0.28,0.19
P200,5.0,1025,0.49,0.28,-0.18
P188,5.0,1077,0.46,0.28,-0.21
P002,4.0,3346,0.12,0.22,-0.55
P280,4.0,363,1.1,0.22,0.43
P375,4.0,277,1.44,0.22,0.77
P394,4.0,911,0.44,0.22,-0.23
P374,4.0,216,1.85,0.22,1.18
P095,4.0,610,0.66,0.22,-0.02
P137,4.0,1476,0.27,0.22,-0.4
P138,4.0,890,0.45,0.22,-0.22
P405,4.0,464,0.86,0.22,0.19
P366,4.0,369,1.08,0.22,0.41
P140,4.0,641,0.62,0.22,-0.05
P243,4.0,998,0.4,0.22,-0.27
P252,4.0,886,0.45,0.22,-0.22
P254,4.0,518,0.77,0.22,0.1
P291,4.0,301,1.33,0.22,0.66
P441,4.0,593,0.67,0.22,0.0
P272,4.0,68,5.88,0.22,5.21
P359,4.0,250,1.6,0.22,0.93
P167,4.0,177,2.26,0.22,1.59
P172,4.0,1256,0.32,0.22,-0.35
P147,4.0,782,0.51,0.22,-0.16
P321,4.0,134,2.99,0.22,2.31
P204,4.0,1166,0.34,0.22,-0.33
P153,4.0,735,0.54,0.22,-0.13
P344,4.0,155,2.58,0.22,1.91
P174,4.0,232,1.72,0.22,1.05
P161,4.0,616,0.65,0.22,-0.02
P212,4.0,650,0.62,0.22,-0.06
P048,4.0,743,0.54,0.22,-0.13
P060,4.0,529,0.76,0.22,0.08
P026,3.0,731,0.41,0.17,-0.26
P118,3.0,306,0.98,0.17,0.31
P412,3.0,182,1.65,0.17,0.98
P067,3.0,1582,0.19,0.17,-0.48
P247,3.0,756,0.4,0.17,-0.28
P430,3.0,628,0.48,0.17,-0.2
P276,3.0,502,0.6,0.17,-0.08
P270,3.0,158,1.9,0.17,1.23
P437,3.0,372,0.81,0.17,0.13
P292,3.0,206,1.46,0.17,0.78
P296,3.0,475,0.63,0.17,-0.04
P266,3.0,550,0.55,0.17,-0.13
P325,3.0,75,4.0,0.17,3.33
P331,3.0,471,0.64,0.17,-0.04
P336,3.0,173,1.73,0.17,1.06
P356,3.0,278,1.08,0.17,0.41
P350,3.0,106,2.83,0.17,2.16
P163,3.0,393,0.76,0.17,0.09
P342,3.0,150,2.0,0.17,1.33
P220,3.0,675,0.44,0.17,-0.23
P046,3.0,557,0.54,0.17,-0.13
P397,3.0,267,1.12,0.17,0.45
P187,3.0,335,0.9,0.17,0.22
P088,3.0,356,0.84,0.17,0.17
P091,3.0,261,1.15,0.17,0.48
P087,3.0,44,6.82,0.17,6.15
P387,3.0,127,2.36,0.17,1.69
P418,3.0,418,0.72,0.17,0.04
P406,2.0,354,0.56,0.11,-0.11
P396,2.0,408,0.49,0.11,-0.18
P423,2.0,418,0.48,0.11,-0.19
P037,2.0,848,0.24,0.11,-0.44
P056,2.0,182,1.1,0.11,0.43
P080,2.0,547,0.37,0.11,-0.31
P043,2.0,1656,0.12,0.11,-0.55
P041,2.0,539,0.37,0.11,-0.3
P122,2.0,500,0.4,0.11,-0.27
P133,2.0,1085,0.18,0.11,-0.49
P094,2.0,555,0.36,0.11,-0.31
P371,2.0,102,1.96,0.11,1.29
P368,2.0,235,0.85,0.11,0.18
P121,2.0,1822,0.11,0.11,-0.56
P109,2.0,230,0.87,0.11,0.2
P103,2.0,341,0.59,0.11,-0.09
P370,2.0,108,1.85,0.11,1.18
P033,2.0,800,0.25,0.11,-0.42
P049,2.0,991,0.2,0.11,-0.47
P363,2.0,281,0.71,0.11,0.04
P160,2.0,501,0.4,0.11,-0.27
P157,2.0,646,0.31,0.11,-0.36
P177,2.0,665,0.3,0.11,-0.37
P171,2.0,319,0.63,0.11,-0.05
P232,2.0,191,1.05,0.11,0.37
P225,2.0,721,0.28,0.11,-0.4
P191,2.0,1095,0.18,0.11,-0.49
P236,2.0,1500,0.13,0.11,-0.54
P326,2.0,263,0.76,0.11,0.09
P330,2.0,121,1.65,0.11,0.98
P323,2.0,141,1.42,0.11,0.75
P315,2.0,718,0.28,0.11,-0.39
P288,2.0,274,0.73,0.11,0.06
P286,2.0,96,2.08,0.11,1.41
P293,2.0,123,1.63,0.11,0.95
P303,2.0,181,1.1,0.11,0.43
P267,2.0,146,1.37,0.11,0.7
P452,2.0,158,1.27,0.11,0.59
P014,2.0,787,0.25,0.11,-0.42
P015,2.0,902,0.22,0.11,-0.45
P005,1.0,1261,0.08,0.06,-0.59
P006,1.0,635,0.16,0.06,-0.52
P012,1.0,657,0.15,0.06,-0.52
P013,1.0,869,0.12,0.06,-0.56
P020,1.0,937,0.11,0.06,-0.57
P425,1.0,240,0.42,0.06,-0.26
P434,1.0,583,0.17,0.06,-0.5
P439,1.0,58,1.72,0.06,1.05
P275,1.0,372,0.27,0.06,-0.4
P300,1.0,70,1.43,0.06,0.76
P302,1.0,124,0.81,0.06,0.13
P304,1.0,464,0.22,0.06,-0.46
P310,1.0,106,0.94,0.06,0.27
P313,1.0,79,1.27,0.06,0.59
P241,1.0,1141,0.09,0.06,-0.59
P259,1.0,808,0.12,0.06,-0.55
P268,1.0,220,0.45,0.06,-0.22
P269,1.0,323,0.31,0.06,-0.36
P216,1.0,587,0.17,0.06,-0.5
P228,1.0,293,0.34,0.06,-0.33
P238,1.0,878,0.11,0.06,-0.56
P240,1.0,1265,0.08,0.06,-0.59
P189,1.0,1136,0.09,0.06,-0.58
P190,1.0,384,0.26,0.06,-0.41
P205,1.0,919,0.11,0.06,-0.56
P207,1.0,354,0.28,0.06,-0.39
P208,1.0,1048,0.1,0.06,-0.58
P211,1.0,1037,0.1,0.06,-0.58
P214,1.0,1023,0.1,0.06,-0.57
P328,1.0,63,1.59,0.06,0.91
P329,1.0,223,0.45,0.06,-0.22
P335,1.0,77,1.3,0.06,0.63
P338,1.0,319,0.31,0.06,-0.36
P168,1.0,278,0.36,0.06,-0.31
P178,1.0,153,0.65,0.06,-0.02
P183,1.0,491,0.2,0.06,-0.47
P184,1.0,690,0.14,0.06,-0.53
P185,1.0,369,0.27,0.06,-0.4
P144,1.0,1107,0.09,0.06,-0.58
P154,1.0,607,0.16,0.06,-0.51
P155,1.0,301,0.33,0.06,-0.34
P165,1.0,404,0.25,0.06,-0.43
P339,1.0,52,1.92,0.06,1.25
P340,1.0,64,1.56,0.06,0.89
P341,1.0,61,1.64,0.06,0.97
P345,1.0,200,0.5,0.06,-0.17
P347,1.0,109,0.92,0.06,0.24
P127,1.0,762,0.13,0.06,-0.54
P134,1.0,275,0.36,0.06,-0.31
P136,1.0,286,0.35,0.06,-0.32
P139,1.0,978,0.1,0.06,-0.57
P093,1.0,363,0.28,0.06,-0.4
P100,1.0,617,0.16,0.06,-0.51
P104,1.0,223,0.45,0.06,-0.22
P105,1.0,671,0.15,0.06,-0.52
P115,1.0,395,0.25,0.06,-0.42
P117,1.0,1110,0.09,0.06,-0.58
P367,1.0,140,0.71,0.06,0.04
P372,1.0,101,0.99,0.06,0.32
P380,1.0,177,0.56,0.06,-0.11
P382,1.0,194,0.52,0.06,-0.16
P384,1.0,315,0.32,0.06,-0.36
P385,1.0,247,0.4,0.06,-0.27
P388,1.0,293,0.34,0.06,-0.33
P393,1.0,472,0.21,0.06,-0.46
P073,1.0,834,0.12,0.06,-0.55
P085,1.0,171,0.58,0.06,-0.09
P089,1.0,181,0.55,0.06,-0.12
P052,1.0,1532,0.07,0.06,-0.61
P053,1.0,1173,0.09,0.06,-0.59
P059,1.0,298,0.34,0.06,-0.34
P025,1.0,1195,0.08,0.06,-0.59
P030,1.0,466,0.21,0.06,-0.46
P035,1.0,813,0.12,0.06,-0.55
P042,1.0,1301,0.08,0.06,-0.6
P395,1.0,200,0.5,0.06,-0.17
P403,1.0,777,0.13,0.06,-0.54
P409,1.0,213,0.47,0.06,-0.2
P413,1.0,128,0.78,0.06,0.11
P415,1.0,527,0.19,0.06,-0.48
P424,1.0,394,0.25,0.06,-0.42
P469,1.0,9,11.11,0.06,10.44
P488,1.0,35,2.86,0.06,2.18
