month,Tariffs,Steel,Lumber industry,Trade negotiations & free trade
2022-01-01,0.0,0.0,0.0,0.3252032520325203
2022-02-01,0.008880994671403197,0.0,0.008880994671403197,0.008880994671403197
2022-03-01,0.03164556962025317,0.0,0.07911392405063292,0.015822784810126583
2022-04-01,0.1282051282051282,0.0,0.0,0.042735042735042736
2022-05-01,0.03214400514304082,0.0,0.0,0.03214400514304082
2022-06-01,0.12201885745978924,0.0,0.0,0.033277870216306155
2022-07-01,0.0,0.0,0.0,0.0
2022-08-01,0.0,0.0,0.0,0.0
2022-09-01,0.0,0.0,0.022629554197782304,0.0
2022-10-01,0.02462447672986949,0.0,0.0,0.036936715094804236
2022-11-01,0.012899896800825593,0.0,0.06449948400412797,0.012899896800825593
2022-12-01,0.0,0.0,0.0,0.042854081851296334
2023-01-01,0.0,0.0,0.0,0.0
2023-02-01,0.0,0.0,0.034211426616489904,0.08552856654122476
2023-03-01,0.06034092623321768,0.01508523155830442,0.01508523155830442,0.0754261577915221
2023-04-01,0.058673968316057104,0.0,0.019557989438685704,0.058673968316057104
2023-05-01,0.01034875297526648,0.0,0.04139501190106592,0.07244127082686536
2023-06-01,0.0,0.0,0.0,0.02236886254333967
2023-07-01,0.0,0.0,0.0,0.0
2023-08-01,0.0,0.0,0.0,0.0
2023-09-01,0.0,0.0,0.022639800769753225,0.11319900384876612
2023-10-01,0.0,0.0,0.013689253935660506,0.9856262833675565
2023-11-01,0.0,0.0,0.014080540692762602,0.7181075753308926
2023-12-01,0.04037956793862306,0.0,0.0,0.5653139511407228
2024-01-01,0.0,0.0,0.0,0.15552099533437014
2024-02-01,0.04039316009155783,0.013464386697185943,0.013464386697185943,0.2827521206409048
2024-03-01,0.0814663951120163,0.0,0.0,0.6517311608961304
2024-04-01,0.07792713812585232,0.0,0.9935710111046172,0.07792713812585232
2024-05-01,0.0,0.010376673238559718,0.010376673238559718,0.020753346477119437
2024-06-01,0.015436863229391787,0.0,0.0,0.0
2024-07-01,0.0,0.0,0.0,0.0
2024-08-01,0.0,0.0,0.0,0.0
2024-09-01,0.17628911414720141,0.022036139268400177,0.24239753195240193,0.11018069634200088
2024-10-01,0.0,0.022859755400617212,0.0,0.06857926620185163
2024-11-01,0.5714285714285714,0.013937282229965157,0.20905923344947736,0.30662020905923343
2024-12-01,0.4793289394847214,0.019972039145196723,0.17974835230677053,0.2596365088875574
2025-01-01,0.0,0.0,0.0,0.0
2025-02-01,0.0,0.0,0.0,0.0
2025-03-01,0.0,0.0,0.0,0.0
2025-04-01,0.0,0.0,0.0,0.0
2025-05-01,1.1929824561403508,0.14035087719298245,0.14035087719298245,0.42105263157894735
2025-06-01,1.2714109129436693,0.12360939431396785,0.16775560656895638,0.34434045558891047
2025-07-01,0.0,0.0,0.0,0.0
2025-08-01,0.0,0.0,0.0,0.0
2025-09-01,0.3635788808093582,0.11065444198545685,0.07903888713246918,0.15807777426493835
2025-10-01,1.1632090178678498,0.0,0.5756085861614102,0.41971459407602835
2025-11-01,0.9874566319722444,0.10675206832132372,0.8006405124099278,0.3869762476647985
2025-12-01,0.7191657677094571,0.10787486515641855,0.2876663070837828,0.4314994606256742
2026-01-01,0.3853564547206166,0.0,0.09633911368015415,0.8670520231213872
2026-02-01,0.5556897801401305,0.024160425223483932,0.048320850446967864,0.20536361439961343
2026-03-01,0.6588319088319089,0.017806267806267807,0.05341880341880342,1.2286324786324787
2026-04-01,0.7597459210362436,0.08718395815170009,0.06227425582264292,0.4857391954166148
2026-05-01,1.108533127094612,0.038669760247486466,0.10311936065996391,0.42536736272235115
2026-06-01,0.6302048165653837,0.022507314877335132,0.0675219446320054,0.32635606572135945
