month,economics and industry,society and culture,government and politics,processes,health and safety,nature and environment,law,labour,All other concepts
2022-01-01,17.073170731707318,24.878048780487806,12.357723577235772,7.479674796747967,16.7479674796748,5.365853658536586,0.8130081300813009,2.9268292682926833,12.357723577235788
2022-02-01,15.2753108348135,22.71758436944938,12.673179396092364,9.1651865008881,15.310834813499111,3.641207815275311,6.820603907637655,2.0959147424511544,12.300177619893418
2022-03-01,22.009493670886076,17.57911392405063,13.259493670886076,10.443037974683545,8.924050632911392,9.556962025316455,3.14873417721519,2.151898734177215,12.927215189873436
2022-04-01,25.384615384615383,19.572649572649574,11.260683760683762,8.461538461538462,7.542735042735043,8.226495726495726,3.482905982905983,2.414529914529915,13.65384615384616
2022-05-01,17.850637522768668,21.247187399549983,12.546876674166935,9.814636237008465,7.671702560805743,7.950283938712096,4.671595414121933,3.7929926068788173,14.454087645987357
2022-06-01,16.15085967831392,21.308929561841374,11.824736550194121,9.938990571270105,8.840820854132001,5.535219079312257,8.696616749861343,3.7603993344425954,13.943427620632278
2022-09-01,27.1102059289432,19.619823489477255,10.386965376782078,7.875084860828243,10.590631364562118,7.875084860828243,2.308214528173795,2.6250282869427473,11.608961303462323
2022-10-01,24.562915538044816,17.56956414676188,12.176803742920463,9.308052203890666,11.561191824673726,8.766313715833538,3.9399162767791185,2.093080522038907,10.0221620290569
2022-11-01,24.148606811145513,18.4984520123839,11.21001031991744,10.165118679050568,8.720330237358102,6.669246646026831,6.462848297213622,2.5541795665634677,11.571207430340564
2022-12-01,22.905506749517894,20.998500107135204,9.963574030426397,8.977930147846584,10.327833726162417,6.0638525819584315,4.9710734947503745,2.785515320334262,13.006213841868444
2023-01-01,14.41368078175896,38.68078175895766,8.550488599348533,9.690553745928339,5.456026058631922,3.257328990228013,3.3387622149837135,3.9902280130293155,12.622149837133549
2023-02-01,21.809784468012317,17.34519329456038,10.8450222374273,7.4067738624700645,16.64385904892234,6.414642490591858,6.979131029763941,2.4803284296955184,10.075265138556276
2023-03-01,17.67989138633278,21.209835570976015,14.149947201689548,9.322673103032132,10.303213154321918,4.5255694674913265,5.204404887615025,2.036506260371097,15.56795896817016
2023-04-01,29.454332094660668,16.487385096812048,11.284959906121651,9.290044983375708,8.351261490318795,6.434578525327596,3.6769020144729123,4.498337570897712,10.522198318012897
2023-05-01,16.671841043154302,25.26130601262548,14.715926730828935,7.761564731449861,10.472938010969678,6.540411880368416,4.574148815067784,2.3491669253854908,11.652695850150053
2023-06-01,19.20366849345711,22.27938709316631,12.515378592998546,9.831115087797786,7.527122245833799,8.75740968571748,5.648137792193267,2.72900123028744,11.508779778548273
2023-09-01,18.157120217342086,23.16051618745755,10.821824767942042,8.308806882499434,8.467285487887706,11.727416798732172,6.7013810278469546,3.0563731039166853,9.599275526375393
2023-10-01,22.614647501711158,21.026694045174537,10.924024640657084,10.130047912388775,7.145790554414784,8.843258042436688,5.106091718001369,2.6557152635181382,11.553730321697472
2023-11-01,22.430301323570827,17.07969586032104,13.432835820895523,10.54632497887919,5.0830751900873,10.292875246409462,4.604336806533372,4.181920585750492,12.34863418755279
2023-12-01,21.70401776700989,16.1114476075106,17.201695941853423,10.29678982434888,5.774278215223097,7.207752877044216,3.2505552190591565,6.0973147587320815,12.356147789218667
2024-01-01,31.181959564541213,22.70606531881804,12.28615863141524,7.931570762052877,3.7325038880248838,4.276827371695179,2.8771384136858478,3.188180404354588,11.819595645412164
2024-02-01,16.870876531573987,24.50518378887842,11.700552039854585,11.202369732058704,9.317355594452673,6.328261747677394,5.251110811902518,3.6219200215430187,11.202369732058699
2024-03-01,20.896130346232177,20.366598778004075,16.415478615071283,10.30549898167006,4.0733197556008145,9.327902240325866,3.095723014256619,2.158859470468432,13.360488798370667
2024-04-01,27.800506526397818,20.241574128190145,12.546269238262225,9.585037989479837,5.902980713033314,7.851159166179622,3.8768751217611532,2.824858757062147,9.370738359633734
2024-05-01,24.727612327487808,19.39400228286811,12.535021272180138,8.716405520390163,12.275604441216146,6.516550793815503,4.8770364221230675,2.2932447857216975,8.664522154197371
2024-06-01,23.448595245446125,17.767829577029946,15.622105588144489,9.277554800864465,8.937943809817845,7.023772769373263,5.016980549552331,2.253782031491201,10.651435628280325
2024-09-01,21.022476862053768,26.002644336712212,12.979286029087703,8.351696782723666,7.271925958572058,4.693697664169238,5.332745702952843,2.1595416483032173,12.185985015425288
2024-10-01,19.30506343582124,24.094182192250543,13.464395930963539,10.08115213167219,8.823865584638245,5.372042519145046,5.692079094753686,1.7259115327465997,11.441307578008932
2024-11-01,23.442508710801395,21.965156794425088,13.78397212543554,9.547038327526131,6.146341463414634,7.289198606271777,4.668989547038327,3.0662020905923346,10.090592334494772
2024-12-01,21.390053924505693,22.228879568603954,15.8577990812862,9.306970241661674,7.489514679448773,5.472338725783903,3.1755542240862793,4.473736768524066,10.605152786099453
2025-05-01,28.771929824561404,20.842105263157894,13.052631578947368,9.68421052631579,4.842105263157895,6.105263157894736,2.245614035087719,5.684210526315789,8.771929824561383
2025-06-01,27.273529931131907,16.598975807875686,14.568250044146211,9.358996998057567,4.84725410559774,7.5401730531520395,5.3858378951086,3.8495497086349992,10.577432456295256
2025-09-01,17.293835068054445,22.67413931144916,11.289031224979984,8.166533226581265,7.734187349879903,6.885508406725379,12.42594075260208,3.55484387510008,9.975980784627708
2025-10-01,22.196906103849383,19.35483870967742,10.864612063796617,12.063796618299556,6.139824919055043,4.2091377863053125,9.65343566374865,3.8973498021345483,11.620098333133484
2025-11-01,37.910328262610086,14.665065385641846,9.487590072057646,8.593541499866559,5.3642914331465175,4.390178809714438,5.164131305044036,5.190819322124366,9.234053909794497
2025-12-01,32.82991729593671,14.473211075152822,9.546925566343042,8.576051779935275,6.3646170442286945,7.892844300611291,4.0992448759439055,6.957928802588997,9.259259259259267
2026-01-01,29.09441233140655,14.739884393063585,11.51252408477842,11.753371868978805,6.791907514450866,4.335260115606936,5.732177263969172,5.346820809248555,10.693641618497097
2026-02-01,27.603285817830393,17.89079487798985,9.591688813723122,10.147378593863252,7.997100748973182,5.508576950954336,4.675042280744141,4.228074414109688,12.358057501812041
2026-03-01,23.77136752136752,19.943019943019944,9.775641025641026,9.953703703703704,5.252849002849002,6.748575498575499,7.158119658119658,5.395299145299146,12.001424501424495
2026-04-01,29.592726366919912,12.081205629592727,11.047452982936854,13.638062025158797,7.024536056794122,5.243492340266534,5.380495703076348,5.031759870469548,10.960269024785177
2026-05-01,34.81567414282031,13.431296725960298,9.280742459396752,9.667440061871616,4.859499871100799,5.54266563547306,5.929363237947925,5.710234596545502,10.763083268883747
2026-06-01,27.177582714382176,19.480081026333558,10.173306324555481,12.39027683997299,6.403331082601846,4.895340985820392,4.951609273013729,5.50303848750844,9.025433265811373
